<?xml version="1.0" encoding="UTF-8"?>
<config xmlns="http://www.knime.org/2008/09/XMLConfig" xmlns:xsi="http://www.w3.org/2001/XMLSchema-instance" xsi:schemaLocation="http://www.knime.org/2008/09/XMLConfig http://www.knime.org/XMLConfig_2008_09.xsd" key="MiningSchema">
<config key="learning">
<entry key="array-size" type="xint" value="1440"/>
<entry key="0" type="xstring" value="plo"/>
<entry key="1" type="xstring" value="abund"/>
<entry key="2" type="xstring" value="function"/>
<entry key="3" type="xstring" value="hiv-specif"/>
<entry key="4" type="xstring" value="cd8"/>
<entry key="5" type="xstring" value="cell"/>
<entry key="6" type="xstring" value="predict"/>
<entry key="7" type="xstring" value="surviv"/>
<entry key="8" type="xstring" value="time"/>
<entry key="9" type="xstring" value="background"/>
<entry key="10" type="xstring" value="t-cell"/>
<entry key="11" type="xstring" value="immun"/>
<entry key="12" type="xstring" value="plai"/>
<entry key="13" type="xstring" value="role"/>
<entry key="14" type="xstring" value="control"/>
<entry key="15" type="xstring" value="hiv"/>
<entry key="16" type="xstring" value="infect"/>
<entry key="17" type="xstring" value="main"/>
<entry key="18" type="xstring" value="target"/>
<entry key="19" type="xstring" value="vaccin"/>
<entry key="20" type="xstring" value="develop"/>
<entry key="21" type="xstring" value="central"/>
<entry key="22" type="xstring" value="memori"/>
<entry key="23" type="xstring" value="cd4"/>
<entry key="24" type="xstring" value="produc"/>
<entry key="25" type="xstring" value="ifngamma"/>
<entry key="26" type="xstring" value="il-2"/>
<entry key="27" type="xstring" value="associ"/>
<entry key="28" type="xstring" value="viremia"/>
<entry key="29" type="xstring" value="hypothes"/>
<entry key="30" type="xstring" value="protect"/>
<entry key="31" type="xstring" value="determin"/>
<entry key="32" type="xstring" value="subsequ"/>
<entry key="33" type="xstring" value="clinic"/>
<entry key="34" type="xstring" value="outcom"/>
<entry key="35" type="xstring" value="relationship"/>
<entry key="36" type="xstring" value="cellular"/>
<entry key="37" type="xstring" value="diseas"/>
<entry key="38" type="xstring" value="progress"/>
<entry key="39" type="xstring" value="unknown"/>
<entry key="40" type="xstring" value="investig"/>
<entry key="41" type="xstring" value="prospect"/>
<entry key="42" type="xstring" value="cohort"/>
<entry key="43" type="xstring" value="studi"/>
<entry key="44" type="xstring" value="involv"/>
<entry key="45" type="xstring" value="individu"/>
<entry key="46" type="xstring" value="date"/>
<entry key="47" type="xstring" value="seroconvers"/>
<entry key="48" type="xstring" value="presenc"/>
<entry key="49" type="xstring" value="method"/>
<entry key="50" type="xstring" value="find"/>
<entry key="51" type="xstring" value="percentag"/>
<entry key="52" type="xstring" value="measur"/>
<entry key="53" type="xstring" value="vitro"/>
<entry key="54" type="xstring" value="stimul"/>
<entry key="55" type="xstring" value="overlap"/>
<entry key="56" type="xstring" value="pool"/>
<entry key="57" type="xstring" value="sampl"/>
<entry key="58" type="xstring" value="approxim"/>
<entry key="59" type="xstring" value="kaplan-mei"/>
<entry key="60" type="xstring" value="analysi"/>
<entry key="61" type="xstring" value="proport"/>
<entry key="62" type="xstring" value="hazard"/>
<entry key="63" type="xstring" value="model"/>
<entry key="64" type="xstring" value="frequenc"/>
<entry key="65" type="xstring" value="gag-specif"/>
<entry key="66" type="xstring" value="neither"/>
<entry key="67" type="xstring" value="aid"/>
<entry key="68" type="xstring" value="nor"/>
<entry key="69" type="xstring" value="rate"/>
<entry key="70" type="xstring" value="declin"/>
<entry key="71" type="xstring" value="conclus"/>
<entry key="72" type="xstring" value="data"/>
<entry key="73" type="xstring" value="found"/>
<entry key="74" type="xstring" value="irrespect"/>
<entry key="75" type="xstring" value="progressor"/>
<entry key="76" type="xstring" value="long-term"/>
<entry key="77" type="xstring" value="specif"/>
<entry key="78" type="xstring" value="low"/>
<entry key="79" type="xstring" value="viral"/>
<entry key="80" type="xstring" value="load"/>
<entry key="81" type="xstring" value="suggest"/>
<entry key="82" type="xstring" value="rapid"/>
<entry key="83" type="xstring" value="loss"/>
<entry key="84" type="xstring" value="observ"/>
<entry key="85" type="xstring" value="consequ"/>
<entry key="86" type="xstring" value="caus"/>
<entry key="87" type="xstring" value="journal"/>
<entry key="88" type="xstring" value="immunologi"/>
<entry key="89" type="xstring" value="baltimor"/>
<entry key="90" type="xstring" value="essenti"/>
<entry key="91" type="xstring" value="signal"/>
<entry key="92" type="xstring" value="il-18"/>
<entry key="93" type="xstring" value="cytokin"/>
<entry key="94" type="xstring" value="innat"/>
<entry key="95" type="xstring" value="adapt"/>
<entry key="96" type="xstring" value="requir"/>
<entry key="97" type="xstring" value="bind"/>
<entry key="98" type="xstring" value="ligand"/>
<entry key="99" type="xstring" value="contain"/>
<entry key="100" type="xstring" value="sequenc"/>
<entry key="101" type="xstring" value="tlr"/>
<entry key="102" type="xstring" value="establish"/>
<entry key="103" type="xstring" value="surfac"/>
<entry key="104" type="xstring" value="protein"/>
<entry key="105" type="xstring" value="exist"/>
<entry key="106" type="xstring" value="regul"/>
<entry key="107" type="xstring" value="inhibitori"/>
<entry key="108" type="xstring" value="molecul"/>
<entry key="109" type="xstring" value="identifi"/>
<entry key="110" type="xstring" value="abil"/>
<entry key="111" type="xstring" value="cooper"/>
<entry key="112" type="xstring" value="physiolog"/>
<entry key="113" type="xstring" value="remain"/>
<entry key="114" type="xstring" value="demonstr"/>
<entry key="115" type="xstring" value="abolish"/>
<entry key="116" type="xstring" value="mice"/>
<entry key="117" type="xstring" value="splenocyt"/>
<entry key="118" type="xstring" value="mutant"/>
<entry key="119" type="xstring" value="fail"/>
<entry key="120" type="xstring" value="respond"/>
<entry key="121" type="xstring" value="il-18-induc"/>
<entry key="122" type="xstring" value="prolifer"/>
<entry key="123" type="xstring" value="ifn-gamma"/>
<entry key="124" type="xstring" value="product"/>
<entry key="125" type="xstring" value="particular"/>
<entry key="126" type="xstring" value="th1"/>
<entry key="127" type="xstring" value="lack"/>
<entry key="128" type="xstring" value="respons"/>
<entry key="129" type="xstring" value="neutrophil"/>
<entry key="130" type="xstring" value="activ"/>
<entry key="131" type="xstring" value="furthermor"/>
<entry key="132" type="xstring" value="cytotox"/>
<entry key="133" type="xstring" value="induc"/>
<entry key="134" type="xstring" value="vivo"/>
<entry key="135" type="xstring" value="inhibit"/>
<entry key="136" type="xstring" value="variou"/>
<entry key="137" type="xstring" value="examin"/>
<entry key="138" type="xstring" value="result"/>
<entry key="139" type="xstring" value="critic"/>
<entry key="140" type="xstring" value="receptor"/>
<entry key="141" type="xstring" value="intern"/>
<entry key="142" type="xstring" value="pharmacologi"/>
<entry key="143" type="xstring" value="interferon"/>
<entry key="144" type="xstring" value="gene"/>
<entry key="145" type="xstring" value="plasmacytoid"/>
<entry key="146" type="xstring" value="dendrit"/>
<entry key="147" type="xstring" value="hiv-1"/>
<entry key="148" type="xstring" value="posit"/>
<entry key="149" type="xstring" value="subject"/>
<entry key="150" type="xstring" value="viru"/>
<entry key="151" type="xstring" value="co-infect"/>
<entry key="152" type="xstring" value="coinfect"/>
<entry key="153" type="xstring" value="human"/>
<entry key="154" type="xstring" value="immunodefici"/>
<entry key="155" type="xstring" value="increas"/>
<entry key="156" type="xstring" value="suppress"/>
<entry key="157" type="xstring" value="patient"/>
<entry key="158" type="xstring" value="highli"/>
<entry key="159" type="xstring" value="anti-retrovir"/>
<entry key="160" type="xstring" value="therapi"/>
<entry key="161" type="xstring" value="haart"/>
<entry key="162" type="xstring" value="antivir"/>
<entry key="163" type="xstring" value="analyz"/>
<entry key="164" type="xstring" value="aim"/>
<entry key="165" type="xstring" value="extent"/>
<entry key="166" type="xstring" value="ifn"/>
<entry key="167" type="xstring" value="system"/>
<entry key="168" type="xstring" value="circul"/>
<entry key="169" type="xstring" value="compar"/>
<entry key="170" type="xstring" value="endogen"/>
<entry key="171" type="xstring" value="level"/>
<entry key="172" type="xstring" value="kinas"/>
<entry key="173" type="xstring" value="mrna"/>
<entry key="174" type="xstring" value="significantli"/>
<entry key="175" type="xstring" value="peripher"/>
<entry key="176" type="xstring" value="blood"/>
<entry key="177" type="xstring" value="mononuclear"/>
<entry key="178" type="xstring" value="pbmc"/>
<entry key="179" type="xstring" value="express"/>
<entry key="180" type="xstring" value="correl"/>
<entry key="181" type="xstring" value="pdc"/>
<entry key="182" type="xstring" value="cd80"/>
<entry key="183" type="xstring" value="marker"/>
<entry key="184" type="xstring" value="experi"/>
<entry key="185" type="xstring" value="indic"/>
<entry key="186" type="xstring" value="abl"/>
<entry key="187" type="xstring" value="addit"/>
<entry key="188" type="xstring" value="cultur"/>
<entry key="189" type="xstring" value="reduc"/>
<entry key="190" type="xstring" value="antibodi"/>
<entry key="191" type="xstring" value="hiv-posit"/>
<entry key="192" type="xstring" value="promot"/>
<entry key="193" type="xstring" value="downstream"/>
<entry key="194" type="xstring" value="matur"/>
<entry key="195" type="xstring" value="boost"/>
<entry key="196" type="xstring" value="cancer"/>
<entry key="197" type="xstring" value="research"/>
<entry key="198" type="xstring" value="intestin"/>
<entry key="199" type="xstring" value="mucos"/>
<entry key="200" type="xstring" value="tumor-bear"/>
<entry key="201" type="xstring" value="lactoferrin"/>
<entry key="202" type="xstring" value="previous"/>
<entry key="203" type="xstring" value="oral"/>
<entry key="204" type="xstring" value="administr"/>
<entry key="205" type="xstring" value="bovin"/>
<entry key="206" type="xstring" value="blf"/>
<entry key="207" type="xstring" value="markedli"/>
<entry key="208" type="xstring" value="enhanc"/>
<entry key="209" type="xstring" value="document"/>
<entry key="210" type="xstring" value="blfh"/>
<entry key="211" type="xstring" value="strong"/>
<entry key="212" type="xstring" value="lymphoid"/>
<entry key="213" type="xstring" value="tissu"/>
<entry key="214" type="xstring" value="especi"/>
<entry key="215" type="xstring" value="anim"/>
<entry key="216" type="xstring" value="implant"/>
<entry key="217" type="xstring" value="subcutan"/>
<entry key="218" type="xstring" value="moreov"/>
<entry key="219" type="xstring" value="iga"/>
<entry key="220" type="xstring" value="exhibit"/>
<entry key="221" type="xstring" value="colon"/>
<entry key="222" type="xstring" value="treatment"/>
<entry key="223" type="xstring" value="decreas"/>
<entry key="224" type="xstring" value="interleukin-18"/>
<entry key="225" type="xstring" value="interferon-gamma"/>
<entry key="226" type="xstring" value="caspase-1"/>
<entry key="227" type="xstring" value="mucosa"/>
<entry key="228" type="xstring" value="particularli"/>
<entry key="229" type="xstring" value="epitheli"/>
<entry key="230" type="xstring" value="process"/>
<entry key="231" type="xstring" value="follow"/>
<entry key="232" type="xstring" value="induct"/>
<entry key="233" type="xstring" value="elev"/>
<entry key="234" type="xstring" value="offici"/>
<entry key="235" type="xstring" value="american"/>
<entry key="236" type="xstring" value="plasmid"/>
<entry key="237" type="xstring" value="dna"/>
<entry key="238" type="xstring" value="encod"/>
<entry key="239" type="xstring" value="fuse"/>
<entry key="240" type="xstring" value="immunoglobulin"/>
<entry key="241" type="xstring" value="domain"/>
<entry key="242" type="xstring" value="purpos"/>
<entry key="243" type="xstring" value="infecti"/>
<entry key="244" type="xstring" value="adjuv"/>
<entry key="245" type="xstring" value="poorli"/>
<entry key="246" type="xstring" value="immunogen"/>
<entry key="247" type="xstring" value="experiment"/>
<entry key="248" type="xstring" value="design"/>
<entry key="249" type="xstring" value="affect"/>
<entry key="250" type="xstring" value="interleukin"/>
<entry key="251" type="xstring" value="il-12"/>
<entry key="252" type="xstring" value="il-15"/>
<entry key="253" type="xstring" value="il-21"/>
<entry key="254" type="xstring" value="chemokin"/>
<entry key="255" type="xstring" value="antigen-pres"/>
<entry key="256" type="xstring" value="granulocyt"/>
<entry key="257" type="xstring" value="macrophag"/>
<entry key="258" type="xstring" value="colony-stimul"/>
<entry key="259" type="xstring" value="factor"/>
<entry key="260" type="xstring" value="gm-csf"/>
<entry key="261" type="xstring" value="mous"/>
<entry key="262" type="xstring" value="tumor"/>
<entry key="263" type="xstring" value="melanoma"/>
<entry key="264" type="xstring" value="combin"/>
<entry key="265" type="xstring" value="ligat"/>
<entry key="266" type="xstring" value="effect"/>
<entry key="267" type="xstring" value="sensit"/>
<entry key="268" type="xstring" value="inject"/>
<entry key="269" type="xstring" value="efficaci"/>
<entry key="270" type="xstring" value="improv"/>
<entry key="271" type="xstring" value="fusion"/>
<entry key="272" type="xstring" value="relat"/>
<entry key="273" type="xstring" value="stabil"/>
<entry key="274" type="xstring" value="support"/>
<entry key="275" type="xstring" value="potenti"/>
<entry key="276" type="xstring" value="import"/>
<entry key="277" type="xstring" value="mechan"/>
<entry key="278" type="xstring" value="unrel"/>
<entry key="279" type="xstring" value="london"/>
<entry key="280" type="xstring" value="england"/>
<entry key="281" type="xstring" value="transduc"/>
<entry key="282" type="xstring" value="transcript"/>
<entry key="283" type="xstring" value="pathwai"/>
<entry key="284" type="xstring" value="apoptosi"/>
<entry key="285" type="xstring" value="monocyt"/>
<entry key="286" type="xstring" value="hiv-infect"/>
<entry key="287" type="xstring" value="major"/>
<entry key="288" type="xstring" value="inflamm"/>
<entry key="289" type="xstring" value="pathogen"/>
<entry key="290" type="xstring" value="clearanc"/>
<entry key="291" type="xstring" value="chronic"/>
<entry key="292" type="xstring" value="dysfunct"/>
<entry key="293" type="xstring" value="defect"/>
<entry key="294" type="xstring" value="report"/>
<entry key="295" type="xstring" value="via"/>
<entry key="296" type="xstring" value="disrupt"/>
<entry key="297" type="xstring" value="object"/>
<entry key="298" type="xstring" value="evalu"/>
<entry key="299" type="xstring" value="stat"/>
<entry key="300" type="xstring" value="biolog"/>
<entry key="301" type="xstring" value="impact"/>
<entry key="302" type="xstring" value="molecular"/>
<entry key="303" type="xstring" value="alter"/>
<entry key="304" type="xstring" value="ifn-gamma-induc"/>
<entry key="305" type="xstring" value="antiretrovir"/>
<entry key="306" type="xstring" value="assai"/>
<entry key="307" type="xstring" value="respect"/>
<entry key="308" type="xstring" value="flow"/>
<entry key="309" type="xstring" value="cytometri"/>
<entry key="310" type="xstring" value="real-tim"/>
<entry key="311" type="xstring" value="pcr"/>
<entry key="312" type="xstring" value="enzyme-link"/>
<entry key="313" type="xstring" value="immunosorb"/>
<entry key="314" type="xstring" value="unlik"/>
<entry key="315" type="xstring" value="ifn-alpha"/>
<entry key="316" type="xstring" value="upregul"/>
<entry key="317" type="xstring" value="hiv-neg"/>
<entry key="318" type="xstring" value="total"/>
<entry key="319" type="xstring" value="irf-1"/>
<entry key="320" type="xstring" value="cxcl10"/>
<entry key="321" type="xstring" value="differenti"/>
<entry key="322" type="xstring" value="reflect"/>
<entry key="323" type="xstring" value="complex"/>
<entry key="324" type="xstring" value="regulatori"/>
<entry key="325" type="xstring" value="interestingli"/>
<entry key="326" type="xstring" value="spontan"/>
<entry key="327" type="xstring" value="persist"/>
<entry key="328" type="xstring" value="despit"/>
<entry key="329" type="xstring" value="natur"/>
<entry key="330" type="xstring" value="contribut"/>
<entry key="331" type="xstring" value="impair"/>
<entry key="332" type="xstring" value="cours"/>
<entry key="333" type="xstring" value="european"/>
<entry key="334" type="xstring" value="medic"/>
<entry key="335" type="xstring" value="candida"/>
<entry key="336" type="xstring" value="albican"/>
<entry key="337" type="xstring" value="hiv-1-infect"/>
<entry key="338" type="xstring" value="immunolog"/>
<entry key="339" type="xstring" value="elispot"/>
<entry key="340" type="xstring" value="us"/>
<entry key="341" type="xstring" value="strain"/>
<entry key="342" type="xstring" value="asymptomat"/>
<entry key="343" type="xstring" value="isol"/>
<entry key="344" type="xstring" value="detect"/>
<entry key="345" type="xstring" value="frequent"/>
<entry key="346" type="xstring" value="signific"/>
<entry key="347" type="xstring" value="local"/>
<entry key="348" type="xstring" value="pathogenesi"/>
<entry key="349" type="xstring" value="recogn"/>
<entry key="350" type="xstring" value="laboratori"/>
<entry key="351" type="xstring" value="wherea"/>
<entry key="352" type="xstring" value="similar"/>
<entry key="353" type="xstring" value="recognit"/>
<entry key="354" type="xstring" value="healthi"/>
<entry key="355" type="xstring" value="repertoir"/>
<entry key="356" type="xstring" value="risk"/>
<entry key="357" type="xstring" value="murin"/>
<entry key="358" type="xstring" value="organ"/>
<entry key="359" type="xstring" value="rat"/>
<entry key="360" type="xstring" value="lung"/>
<entry key="361" type="xstring" value="metastasi"/>
<entry key="362" type="xstring" value="mediat"/>
<entry key="363" type="xstring" value="importantli"/>
<entry key="364" type="xstring" value="peptid"/>
<entry key="365" type="xstring" value="digest"/>
<entry key="366" type="xstring" value="periton"/>
<entry key="367" type="xstring" value="inhibitor"/>
<entry key="368" type="xstring" value="final"/>
<entry key="369" type="xstring" value="knockout"/>
<entry key="370" type="xstring" value="administ"/>
<entry key="371" type="xstring" value="includ"/>
<entry key="372" type="xstring" value="pro-il-18"/>
<entry key="373" type="xstring" value="gener"/>
<entry key="374" type="xstring" value="effector"/>
<entry key="375" type="xstring" value="singl"/>
<entry key="376" type="xstring" value="growth"/>
<entry key="377" type="xstring" value="antimetastat"/>
<entry key="378" type="xstring" value="type"/>
<entry key="379" type="xstring" value="coloni"/>
<entry key="380" type="xstring" value="format"/>
<entry key="381" type="xstring" value="liver"/>
<entry key="382" type="xstring" value="inocul"/>
<entry key="383" type="xstring" value="syngen"/>
<entry key="384" type="xstring" value="fibrosarcoma"/>
<entry key="385" type="xstring" value="synthet"/>
<entry key="386" type="xstring" value="motif"/>
<entry key="387" type="xstring" value="applic"/>
<entry key="388" type="xstring" value="strongli"/>
<entry key="389" type="xstring" value="directli"/>
<entry key="390" type="xstring" value="standard"/>
<entry key="391" type="xstring" value="killer"/>
<entry key="392" type="xstring" value="splenic"/>
<entry key="393" type="xstring" value="nkt"/>
<entry key="394" type="xstring" value="deriv"/>
<entry key="395" type="xstring" value="particip"/>
<entry key="396" type="xstring" value="reduct"/>
<entry key="397" type="xstring" value="deplet"/>
<entry key="398" type="xstring" value="neutral"/>
<entry key="399" type="xstring" value="interfer"/>
<entry key="400" type="xstring" value="sera"/>
<entry key="401" type="xstring" value="ifn-alphabeta"/>
<entry key="402" type="xstring" value="indirectli"/>
<entry key="403" type="xstring" value="strategi"/>
<entry key="404" type="xstring" value="immunotherapi"/>
<entry key="405" type="xstring" value="hagerstown"/>
<entry key="406" type="xstring" value="antitumor"/>
<entry key="407" type="xstring" value="glioma"/>
<entry key="408" type="xstring" value="current"/>
<entry key="409" type="xstring" value="brain"/>
<entry key="410" type="xstring" value="naiv"/>
<entry key="411" type="xstring" value="regress"/>
<entry key="412" type="xstring" value="intratumor"/>
<entry key="413" type="xstring" value="dose"/>
<entry key="414" type="xstring" value="recombin"/>
<entry key="415" type="xstring" value="ril-18"/>
<entry key="416" type="xstring" value="intraperiton"/>
<entry key="417" type="xstring" value="substanti"/>
<entry key="418" type="xstring" value="delai"/>
<entry key="419" type="xstring" value="locat"/>
<entry key="420" type="xstring" value="perform"/>
<entry key="421" type="xstring" value="serum"/>
<entry key="422" type="xstring" value="concentr"/>
<entry key="423" type="xstring" value="therapeut"/>
<entry key="424" type="xstring" value="augment"/>
<entry key="425" type="xstring" value="spleen"/>
<entry key="426" type="xstring" value="recent"/>
<entry key="427" type="xstring" value="consider"/>
<entry key="428" type="xstring" value="meth"/>
<entry key="429" type="xstring" value="sarcoma"/>
<entry key="430" type="xstring" value="leukemia"/>
<entry key="431" type="xstring" value="resist"/>
<entry key="432" type="xstring" value="transplant"/>
<entry key="433" type="xstring" value="intraven"/>
<entry key="434" type="xstring" value="pronounc"/>
<entry key="435" type="xstring" value="prolong"/>
<entry key="436" type="xstring" value="mean"/>
<entry key="437" type="xstring" value="appar"/>
<entry key="438" type="xstring" value="dissemin"/>
<entry key="439" type="xstring" value="treat"/>
<entry key="440" type="xstring" value="cure"/>
<entry key="441" type="xstring" value="lymphoma"/>
<entry key="442" type="xstring" value="c57bl6"/>
<entry key="443" type="xstring" value="nude"/>
<entry key="444" type="xstring" value="primarili"/>
<entry key="445" type="xstring" value="complet"/>
<entry key="446" type="xstring" value="chines"/>
<entry key="447" type="xstring" value="gene-modifi"/>
<entry key="448" type="xstring" value="hepatocyt"/>
<entry key="449" type="xstring" value="line"/>
<entry key="450" type="xstring" value="carcinoma"/>
<entry key="451" type="xstring" value="intrasplen"/>
<entry key="452" type="xstring" value="transfect"/>
<entry key="453" type="xstring" value="adenoviru"/>
<entry key="454" type="xstring" value="deliveri"/>
<entry key="455" type="xstring" value="transfer"/>
<entry key="456" type="xstring" value="week"/>
<entry key="457" type="xstring" value="underw"/>
<entry key="458" type="xstring" value="divid"/>
<entry key="459" type="xstring" value="necrosi"/>
<entry key="460" type="xstring" value="factor-alpha"/>
<entry key="461" type="xstring" value="tnf-alpha"/>
<entry key="462" type="xstring" value="nitric"/>
<entry key="463" type="xstring" value="oxid"/>
<entry key="464" type="xstring" value="t-lymphocyt"/>
<entry key="465" type="xstring" value="ctl"/>
<entry key="466" type="xstring" value="morphologi"/>
<entry key="467" type="xstring" value="hepat"/>
<entry key="468" type="xstring" value="approach"/>
<entry key="469" type="xstring" value="accompani"/>
<entry key="470" type="xstring" value="volum"/>
<entry key="471" type="xstring" value="manipul"/>
<entry key="472" type="xstring" value="exert"/>
<entry key="473" type="xstring" value="potent"/>
<entry key="474" type="xstring" value="predominantli"/>
<entry key="475" type="xstring" value="adenovirus-medi"/>
<entry key="476" type="xstring" value="elicit"/>
<entry key="477" type="xstring" value="secret"/>
<entry key="478" type="xstring" value="interleukin-12"/>
<entry key="479" type="xstring" value="introduc"/>
<entry key="480" type="xstring" value="p35"/>
<entry key="481" type="xstring" value="p40"/>
<entry key="482" type="xstring" value="cdna"/>
<entry key="483" type="xstring" value="b16"/>
<entry key="484" type="xstring" value="mark"/>
<entry key="485" type="xstring" value="retard"/>
<entry key="486" type="xstring" value="diminish"/>
<entry key="487" type="xstring" value="immunohistochem"/>
<entry key="488" type="xstring" value="accumul"/>
<entry key="489" type="xstring" value="center"/>
<entry key="490" type="xstring" value="parent"/>
<entry key="491" type="xstring" value="influenc"/>
<entry key="492" type="xstring" value="novel"/>
<entry key="493" type="xstring" value="simultan"/>
<entry key="494" type="xstring" value="bladder"/>
<entry key="495" type="xstring" value="introduct"/>
<entry key="496" type="xstring" value="andor"/>
<entry key="497" type="xstring" value="confirm"/>
<entry key="498" type="xstring" value="il-12-"/>
<entry key="499" type="xstring" value="c3h"/>
<entry key="500" type="xstring" value="reject"/>
<entry key="501" type="xstring" value="clone"/>
<entry key="502" type="xstring" value="grow"/>
<entry key="503" type="xstring" value="partial"/>
<entry key="504" type="xstring" value="abrog"/>
<entry key="505" type="xstring" value="possess"/>
<entry key="506" type="xstring" value="virologi"/>
<entry key="507" type="xstring" value="primari"/>
<entry key="508" type="xstring" value="simian"/>
<entry key="509" type="xstring" value="prevent"/>
<entry key="510" type="xstring" value="acut"/>
<entry key="511" type="xstring" value="gut"/>
<entry key="512" type="xstring" value="restor"/>
<entry key="513" type="xstring" value="siv"/>
<entry key="514" type="xstring" value="site"/>
<entry key="515" type="xstring" value="sever"/>
<entry key="516" type="xstring" value="art"/>
<entry key="517" type="xstring" value="replic"/>
<entry key="518" type="xstring" value="help"/>
<entry key="519" type="xstring" value="macaqu"/>
<entry key="520" type="xstring" value="initi"/>
<entry key="521" type="xstring" value="stage"/>
<entry key="522" type="xstring" value="prior"/>
<entry key="523" type="xstring" value="led"/>
<entry key="524" type="xstring" value="qualit"/>
<entry key="525" type="xstring" value="chang"/>
<entry key="526" type="xstring" value="domin"/>
<entry key="527" type="xstring" value="untreat"/>
<entry key="528" type="xstring" value="siv-infect"/>
<entry key="529" type="xstring" value="gamma"/>
<entry key="530" type="xstring" value="independ"/>
<entry key="531" type="xstring" value="medicin"/>
<entry key="532" type="xstring" value="refer"/>
<entry key="533" type="xstring" value="overcom"/>
<entry key="534" type="xstring" value="review"/>
<entry key="535" type="xstring" value="previou"/>
<entry key="536" type="xstring" value="releas"/>
<entry key="537" type="xstring" value="newli"/>
<entry key="538" type="xstring" value="aids-rel"/>
<entry key="539" type="xstring" value="intrins"/>
<entry key="540" type="xstring" value="attempt"/>
<entry key="541" type="xstring" value="compound"/>
<entry key="542" type="xstring" value="synthes"/>
<entry key="543" type="xstring" value="alpha"/>
<entry key="544" type="xstring" value="beta"/>
<entry key="545" type="xstring" value="rna"/>
<entry key="546" type="xstring" value="polymeras"/>
<entry key="547" type="xstring" value="revers"/>
<entry key="548" type="xstring" value="transcriptas"/>
<entry key="549" type="xstring" value="nonhuman"/>
<entry key="550" type="xstring" value="primat"/>
<entry key="551" type="xstring" value="invas"/>
<entry key="552" type="xstring" value="fungal"/>
<entry key="553" type="xstring" value="ifi"/>
<entry key="554" type="xstring" value="morbid"/>
<entry key="555" type="xstring" value="mortal"/>
<entry key="556" type="xstring" value="underli"/>
<entry key="557" type="xstring" value="chemotherapi"/>
<entry key="558" type="xstring" value="relev"/>
<entry key="559" type="xstring" value="preval"/>
<entry key="560" type="xstring" value="lead"/>
<entry key="561" type="xstring" value="avail"/>
<entry key="562" type="xstring" value="liposom"/>
<entry key="563" type="xstring" value="formul"/>
<entry key="564" type="xstring" value="toxic"/>
<entry key="565" type="xstring" value="limit"/>
<entry key="566" type="xstring" value="candidiasi"/>
<entry key="567" type="xstring" value="inact"/>
<entry key="568" type="xstring" value="cryptococcu"/>
<entry key="569" type="xstring" value="fungi"/>
<entry key="570" type="xstring" value="agent"/>
<entry key="571" type="xstring" value="varieti"/>
<entry key="572" type="xstring" value="set"/>
<entry key="573" type="xstring" value="knowledg"/>
<entry key="574" type="xstring" value="select"/>
<entry key="575" type="xstring" value="appropri"/>
<entry key="576" type="xstring" value="antifung"/>
<entry key="577" type="xstring" value="assess"/>
<entry key="578" type="xstring" value="gain"/>
<entry key="579" type="xstring" value="anticanc"/>
<entry key="580" type="xstring" value="probabl"/>
<entry key="581" type="xstring" value="shown"/>
<entry key="582" type="xstring" value="amount"/>
<entry key="583" type="xstring" value="il-10"/>
<entry key="584" type="xstring" value="depend"/>
<entry key="585" type="xstring" value="normal"/>
<entry key="586" type="xstring" value="anti-cd3"/>
<entry key="587" type="xstring" value="undetect"/>
<entry key="588" type="xstring" value="supernat"/>
<entry key="589" type="xstring" value="intracellular"/>
<entry key="590" type="xstring" value="name"/>
<entry key="591" type="xstring" value="cell-medi"/>
<entry key="592" type="xstring" value="multipl"/>
<entry key="593" type="xstring" value="character"/>
<entry key="594" type="xstring" value="littl"/>
<entry key="595" type="xstring" value="consid"/>
<entry key="596" type="xstring" value="subset"/>
<entry key="597" type="xstring" value="equal"/>
<entry key="598" type="xstring" value="cytokine-induc"/>
<entry key="599" type="xstring" value="mutat"/>
<entry key="600" type="xstring" value="bacteri"/>
<entry key="601" type="xstring" value="disord"/>
<entry key="602" type="xstring" value="syndrom"/>
<entry key="603" type="xstring" value="inflammatori"/>
<entry key="604" type="xstring" value="call"/>
<entry key="605" type="xstring" value="link"/>
<entry key="606" type="xstring" value="host"/>
<entry key="607" type="xstring" value="form"/>
<entry key="608" type="xstring" value="term"/>
<entry key="609" type="xstring" value="apoptosis-associ"/>
<entry key="610" type="xstring" value="speck-lik"/>
<entry key="611" type="xstring" value="asc"/>
<entry key="612" type="xstring" value="il-1beta"/>
<entry key="613" type="xstring" value="defici"/>
<entry key="614" type="xstring" value="contrast"/>
<entry key="615" type="xstring" value="il-6"/>
<entry key="616" type="xstring" value="nf-kappab"/>
<entry key="617" type="xstring" value="mitogen-activ"/>
<entry key="618" type="xstring" value="mapk"/>
<entry key="619" type="xstring" value="unaffect"/>
<entry key="620" type="xstring" value="toll-lik"/>
<entry key="621" type="xstring" value="reveal"/>
<entry key="622" type="xstring" value="provid"/>
<entry key="623" type="xstring" value="insight"/>
<entry key="624" type="xstring" value="regard"/>
<entry key="625" type="xstring" value="angiogenesi"/>
<entry key="626" type="xstring" value="endotheli"/>
<entry key="627" type="xstring" value="dose-depend"/>
<entry key="628" type="xstring" value="membran"/>
<entry key="629" type="xstring" value="fibroblast"/>
<entry key="630" type="xstring" value="structur"/>
<entry key="631" type="xstring" value="lewi"/>
<entry key="632" type="xstring" value="3ll"/>
<entry key="633" type="xstring" value="possibli"/>
<entry key="634" type="xstring" value="explain"/>
<entry key="635" type="xstring" value="block"/>
<entry key="636" type="xstring" value="partli"/>
<entry key="637" type="xstring" value="broad"/>
<entry key="638" type="xstring" value="heterolog"/>
<entry key="639" type="xstring" value="modifi"/>
<entry key="640" type="xstring" value="vaccinia"/>
<entry key="641" type="xstring" value="ankara"/>
<entry key="642" type="xstring" value="transmiss"/>
<entry key="643" type="xstring" value="trial"/>
<entry key="644" type="xstring" value="safeti"/>
<entry key="645" type="xstring" value="prime"/>
<entry key="646" type="xstring" value="mva"/>
<entry key="647" type="xstring" value="forti"/>
<entry key="648" type="xstring" value="volunt"/>
<entry key="649" type="xstring" value="subtyp"/>
<entry key="650" type="xstring" value="gag"/>
<entry key="651" type="xstring" value="intraderm"/>
<entry key="652" type="xstring" value="env"/>
<entry key="653" type="xstring" value="pol"/>
<entry key="654" type="xstring" value="monitor"/>
<entry key="655" type="xstring" value="lymphoprolif"/>
<entry key="656" type="xstring" value="vaccine-rel"/>
<entry key="657" type="xstring" value="advers"/>
<entry key="658" type="xstring" value="event"/>
<entry key="659" type="xstring" value="mild"/>
<entry key="660" type="xstring" value="toler"/>
<entry key="661" type="xstring" value="vaccine"/>
<entry key="662" type="xstring" value="compart"/>
<entry key="663" type="xstring" value="safe"/>
<entry key="664" type="xstring" value="randomis"/>
<entry key="665" type="xstring" value="aids-associ"/>
<entry key="666" type="xstring" value="tuberculosi"/>
<entry key="667" type="xstring" value="advanc"/>
<entry key="668" type="xstring" value="featur"/>
<entry key="669" type="xstring" value="lavag"/>
<entry key="670" type="xstring" value="fluid"/>
<entry key="671" type="xstring" value="chain"/>
<entry key="672" type="xstring" value="reaction"/>
<entry key="673" type="xstring" value="count"/>
<entry key="674" type="xstring" value="granulocyte-macrophag"/>
<entry key="675" type="xstring" value="ip-10"/>
<entry key="676" type="xstring" value="sourc"/>
<entry key="677" type="xstring" value="dysregul"/>
<entry key="678" type="xstring" value="profil"/>
<entry key="679" type="xstring" value="describ"/>
<entry key="680" type="xstring" value="evid"/>
<entry key="681" type="xstring" value="freshli"/>
<entry key="682" type="xstring" value="enzym"/>
<entry key="683" type="xstring" value="indoleamin"/>
<entry key="684" type="xstring" value="23-dioxygenas"/>
<entry key="685" type="xstring" value="acceler"/>
<entry key="686" type="xstring" value="poor"/>
<entry key="687" type="xstring" value="prognosi"/>
<entry key="688" type="xstring" value="pro-inflammatori"/>
<entry key="689" type="xstring" value="biochem"/>
<entry key="690" type="xstring" value="malign"/>
<entry key="691" type="xstring" value="leukocyt"/>
<entry key="692" type="xstring" value="biologi"/>
<entry key="693" type="xstring" value="adenovir"/>
<entry key="694" type="xstring" value="uniqu"/>
<entry key="695" type="xstring" value="defin"/>
<entry key="696" type="xstring" value="distinct"/>
<entry key="697" type="xstring" value="nk11"/>
<entry key="698" type="xstring" value="displai"/>
<entry key="699" type="xstring" value="phenotyp"/>
<entry key="700" type="xstring" value="common"/>
<entry key="701" type="xstring" value="ifn-gamma-produc"/>
<entry key="702" type="xstring" value="lytic"/>
<entry key="703" type="xstring" value="capabl"/>
<entry key="704" type="xstring" value="modest"/>
<entry key="705" type="xstring" value="degre"/>
<entry key="706" type="xstring" value="apc"/>
<entry key="707" type="xstring" value="defens"/>
<entry key="708" type="xstring" value="interact"/>
<entry key="709" type="xstring" value="microglia"/>
<entry key="710" type="xstring" value="erk12"/>
<entry key="711" type="xstring" value="nuclear"/>
<entry key="712" type="xstring" value="recruit"/>
<entry key="713" type="xstring" value="cn"/>
<entry key="714" type="xstring" value="enceph"/>
<entry key="715" type="xstring" value="understood"/>
<entry key="716" type="xstring" value="cd40"/>
<entry key="717" type="xstring" value="solubl"/>
<entry key="718" type="xstring" value="elisa"/>
<entry key="719" type="xstring" value="western"/>
<entry key="720" type="xstring" value="blot"/>
<entry key="721" type="xstring" value="shift"/>
<entry key="722" type="xstring" value="analys"/>
<entry key="723" type="xstring" value="facilit"/>
<entry key="724" type="xstring" value="arm"/>
<entry key="725" type="xstring" value="retrovir"/>
<entry key="726" type="xstring" value="kei"/>
<entry key="727" type="xstring" value="transgen"/>
<entry key="728" type="xstring" value="appear"/>
<entry key="729" type="xstring" value="possibl"/>
<entry key="730" type="xstring" value="ifn-gamma--"/>
<entry key="731" type="xstring" value="popul"/>
<entry key="732" type="xstring" value="transduct"/>
<entry key="733" type="xstring" value="capac"/>
<entry key="734" type="xstring" value="constitut"/>
<entry key="735" type="xstring" value="cytolyt"/>
<entry key="736" type="xstring" value="adopt"/>
<entry key="737" type="xstring" value="proinflammatori"/>
<entry key="738" type="xstring" value="oncologi"/>
<entry key="739" type="xstring" value="attenu"/>
<entry key="740" type="xstring" value="bodi"/>
<entry key="741" type="xstring" value="irradi"/>
<entry key="742" type="xstring" value="moder"/>
<entry key="743" type="xstring" value="modal"/>
<entry key="744" type="xstring" value="slow"/>
<entry key="745" type="xstring" value="statu"/>
<entry key="746" type="xstring" value="exposur"/>
<entry key="747" type="xstring" value="anti-asialo"/>
<entry key="748" type="xstring" value="gm1"/>
<entry key="749" type="xstring" value="llc"/>
<entry key="750" type="xstring" value="dai"/>
<entry key="751" type="xstring" value="p005"/>
<entry key="752" type="xstring" value="challeng"/>
<entry key="753" type="xstring" value="exogen"/>
<entry key="754" type="xstring" value="antigen"/>
<entry key="755" type="xstring" value="lymphocyt"/>
<entry key="756" type="xstring" value="plasma"/>
<entry key="757" type="xstring" value="modul"/>
<entry key="758" type="xstring" value="conjunct"/>
<entry key="759" type="xstring" value="paramet"/>
<entry key="760" type="xstring" value="helper"/>
<entry key="761" type="xstring" value="th2"/>
<entry key="762" type="xstring" value="addition"/>
<entry key="763" type="xstring" value="radiat"/>
<entry key="764" type="xstring" value="therebi"/>
<entry key="765" type="xstring" value="proceed"/>
<entry key="766" type="xstring" value="nation"/>
<entry key="767" type="xstring" value="academi"/>
<entry key="768" type="xstring" value="scienc"/>
<entry key="769" type="xstring" value="unit"/>
<entry key="770" type="xstring" value="america"/>
<entry key="771" type="xstring" value="rhesu"/>
<entry key="772" type="xstring" value="monkei"/>
<entry key="773" type="xstring" value="suffici"/>
<entry key="774" type="xstring" value="breadth"/>
<entry key="775" type="xstring" value="genet"/>
<entry key="776" type="xstring" value="divers"/>
<entry key="777" type="xstring" value="amino"/>
<entry key="778" type="xstring" value="acid"/>
<entry key="779" type="xstring" value="envelop"/>
<entry key="780" type="xstring" value="virus"/>
<entry key="781" type="xstring" value="clade"/>
<entry key="782" type="xstring" value="emploi"/>
<entry key="783" type="xstring" value="consensu"/>
<entry key="784" type="xstring" value="construct"/>
<entry key="785" type="xstring" value="wild-typ"/>
<entry key="786" type="xstring" value="epitop"/>
<entry key="787" type="xstring" value="promis"/>
<entry key="788" type="xstring" value="sequenti"/>
<entry key="789" type="xstring" value="slower"/>
<entry key="790" type="xstring" value="ratio"/>
<entry key="791" type="xstring" value="heighten"/>
<entry key="792" type="xstring" value="expans"/>
<entry key="793" type="xstring" value="test"/>
<entry key="794" type="xstring" value="differ"/>
<entry key="795" type="xstring" value="consist"/>
<entry key="796" type="xstring" value="transform"/>
<entry key="797" type="xstring" value="vascular"/>
<entry key="798" type="xstring" value="cd25"/>
<entry key="799" type="xstring" value="surveil"/>
<entry key="800" type="xstring" value="rel"/>
<entry key="801" type="xstring" value="pharmaceut"/>
<entry key="802" type="xstring" value="prepar"/>
<entry key="803" type="xstring" value="compos"/>
<entry key="804" type="xstring" value="daili"/>
<entry key="805" type="xstring" value="metastat"/>
<entry key="806" type="xstring" value="due"/>
<entry key="807" type="xstring" value="public"/>
<entry key="808" type="xstring" value="societi"/>
<entry key="809" type="xstring" value="african"/>
<entry key="810" type="xstring" value="hiv-associ"/>
<entry key="811" type="xstring" value="africa"/>
<entry key="812" type="xstring" value="purifi"/>
<entry key="813" type="xstring" value="tuberculin"/>
<entry key="814" type="xstring" value="skin"/>
<entry key="815" type="xstring" value="mycobacterium"/>
<entry key="816" type="xstring" value="antigen-specif"/>
<entry key="817" type="xstring" value="immunospot"/>
<entry key="818" type="xstring" value="hiv-uninfect"/>
<entry key="819" type="xstring" value="pulmonari"/>
<entry key="820" type="xstring" value="south"/>
<entry key="821" type="xstring" value="filtrat"/>
<entry key="822" type="xstring" value="latent"/>
<entry key="823" type="xstring" value="lower"/>
<entry key="824" type="xstring" value="diagnosi"/>
<entry key="825" type="xstring" value="zhonghua"/>
<entry key="826" type="xstring" value="xue"/>
<entry key="827" type="xstring" value="zhi"/>
<entry key="828" type="xstring" value="opportunist"/>
<entry key="829" type="xstring" value="accord"/>
<entry key="830" type="xstring" value="interleukin-2"/>
<entry key="831" type="xstring" value="statist"/>
<entry key="832" type="xstring" value="reach"/>
<entry key="833" type="xstring" value="balanc"/>
<entry key="834" type="xstring" value="th1th2"/>
<entry key="835" type="xstring" value="phase"/>
<entry key="836" type="xstring" value="receiv"/>
<entry key="837" type="xstring" value="placebo-control"/>
<entry key="838" type="xstring" value="escal"/>
<entry key="839" type="xstring" value="intramuscular"/>
<entry key="840" type="xstring" value="period"/>
<entry key="841" type="xstring" value="placebo"/>
<entry key="842" type="xstring" value="throughout"/>
<entry key="843" type="xstring" value="recipi"/>
<entry key="844" type="xstring" value="vaccine-induc"/>
<entry key="845" type="xstring" value="achiev"/>
<entry key="846" type="xstring" value="altern"/>
<entry key="847" type="xstring" value="rout"/>
<entry key="848" type="xstring" value="potenc"/>
<entry key="849" type="xstring" value="synergist"/>
<entry key="850" type="xstring" value="act"/>
<entry key="851" type="xstring" value="protocol"/>
<entry key="852" type="xstring" value="obtain"/>
<entry key="853" type="xstring" value="materi"/>
<entry key="854" type="xstring" value="ct26"/>
<entry key="855" type="xstring" value="rt-pcr"/>
<entry key="856" type="xstring" value="infiltr"/>
<entry key="857" type="xstring" value="contralater"/>
<entry key="858" type="xstring" value="nkdc"/>
<entry key="859" type="xstring" value="properti"/>
<entry key="860" type="xstring" value="base"/>
<entry key="861" type="xstring" value="il-4"/>
<entry key="862" type="xstring" value="condit"/>
<entry key="863" type="xstring" value="account"/>
<entry key="864" type="xstring" value="b16f10"/>
<entry key="865" type="xstring" value="metastas"/>
<entry key="866" type="xstring" value="appli"/>
<entry key="867" type="xstring" value="success"/>
<entry key="868" type="xstring" value="util"/>
<entry key="869" type="xstring" value="dosag"/>
<entry key="870" type="xstring" value="maintain"/>
<entry key="871" type="xstring" value="author"/>
<entry key="872" type="xstring" value="up-regul"/>
<entry key="873" type="xstring" value="erad"/>
<entry key="874" type="xstring" value="mca205"/>
<entry key="875" type="xstring" value="engag"/>
<entry key="876" type="xstring" value="dementia"/>
<entry key="877" type="xstring" value="incid"/>
<entry key="878" type="xstring" value="minor"/>
<entry key="879" type="xstring" value="hand"/>
<entry key="880" type="xstring" value="rise"/>
<entry key="881" type="xstring" value="phagocyt"/>
<entry key="882" type="xstring" value="share"/>
<entry key="883" type="xstring" value="mainten"/>
<entry key="884" type="xstring" value="ifn-gamma-secret"/>
<entry key="885" type="xstring" value="action"/>
<entry key="886" type="xstring" value="maximum"/>
<entry key="887" type="xstring" value="co-administr"/>
<entry key="888" type="xstring" value="optim"/>
<entry key="889" type="xstring" value="intranas"/>
<entry key="890" type="xstring" value="rang"/>
<entry key="891" type="xstring" value="non-human"/>
<entry key="892" type="xstring" value="respiratori"/>
<entry key="893" type="xstring" value="tract"/>
<entry key="894" type="xstring" value="versu"/>
<entry key="895" type="xstring" value="ad5"/>
<entry key="896" type="xstring" value="nef"/>
<entry key="897" type="xstring" value="stronger"/>
<entry key="898" type="xstring" value="alveolar"/>
<entry key="899" type="xstring" value="intrarect"/>
<entry key="900" type="xstring" value="robust"/>
<entry key="901" type="xstring" value="illustr"/>
<entry key="902" type="xstring" value="prolif"/>
<entry key="903" type="xstring" value="highlight"/>
<entry key="904" type="xstring" value="reliabl"/>
<entry key="905" type="xstring" value="diagnos"/>
<entry key="906" type="xstring" value="benefit"/>
<entry key="907" type="xstring" value="cross-sect"/>
<entry key="908" type="xstring" value="gold"/>
<entry key="909" type="xstring" value="in-tub"/>
<entry key="910" type="xstring" value="enrol"/>
<entry key="911" type="xstring" value="tst"/>
<entry key="912" type="xstring" value="agreement"/>
<entry key="913" type="xstring" value="histori"/>
<entry key="914" type="xstring" value="confid"/>
<entry key="915" type="xstring" value="interv"/>
<entry key="916" type="xstring" value="immunosuppress"/>
<entry key="917" type="xstring" value="retrovirus"/>
<entry key="918" type="xstring" value="comparison"/>
<entry key="919" type="xstring" value="reactiv"/>
<entry key="920" type="xstring" value="accur"/>
<entry key="921" type="xstring" value="lymph"/>
<entry key="922" type="xstring" value="node"/>
<entry key="923" type="xstring" value="preced"/>
<entry key="924" type="xstring" value="simian-human"/>
<entry key="925" type="xstring" value="titer"/>
<entry key="926" type="xstring" value="kidnei"/>
<entry key="927" type="xstring" value="similarli"/>
<entry key="928" type="xstring" value="dramat"/>
<entry key="929" type="xstring" value="pattern"/>
<entry key="930" type="xstring" value="rational"/>
<entry key="931" type="xstring" value="quantiferon-tb"/>
<entry key="932" type="xstring" value="adult"/>
<entry key="933" type="xstring" value="concord"/>
<entry key="934" type="xstring" value="indetermin"/>
<entry key="935" type="xstring" value="occur"/>
<entry key="936" type="xstring" value="failur"/>
<entry key="937" type="xstring" value="overal"/>
<entry key="938" type="xstring" value="extract"/>
<entry key="939" type="xstring" value="convent"/>
<entry key="940" type="xstring" value="mainli"/>
<entry key="941" type="xstring" value="procedur"/>
<entry key="942" type="xstring" value="effici"/>
<entry key="943" type="xstring" value="univers"/>
<entry key="944" type="xstring" value="vector"/>
<entry key="945" type="xstring" value="dc"/>
<entry key="946" type="xstring" value="cytoplasm"/>
<entry key="947" type="xstring" value="monocyte-deriv"/>
<entry key="948" type="xstring" value="earlier"/>
<entry key="949" type="xstring" value="routin"/>
<entry key="950" type="xstring" value="candid"/>
<entry key="951" type="xstring" value="valid"/>
<entry key="952" type="xstring" value="comprehens"/>
<entry key="953" type="xstring" value="qualiti"/>
<entry key="954" type="xstring" value="program"/>
<entry key="955" type="xstring" value="seven"/>
<entry key="956" type="xstring" value="donor"/>
<entry key="957" type="xstring" value="blind"/>
<entry key="958" type="xstring" value="stimuli"/>
<entry key="959" type="xstring" value="recoveri"/>
<entry key="960" type="xstring" value="rest"/>
<entry key="961" type="xstring" value="median"/>
<entry key="962" type="xstring" value="spot-form"/>
<entry key="963" type="xstring" value="half"/>
<entry key="964" type="xstring" value="log"/>
<entry key="965" type="xstring" value="seen"/>
<entry key="966" type="xstring" value="magnitud"/>
<entry key="967" type="xstring" value="reagent"/>
<entry key="968" type="xstring" value="encourag"/>
<entry key="969" type="xstring" value="cell-bas"/>
<entry key="970" type="xstring" value="exacerb"/>
<entry key="971" type="xstring" value="barrier"/>
<entry key="972" type="xstring" value="balbc"/>
<entry key="973" type="xstring" value="suscept"/>
<entry key="974" type="xstring" value="rapidli"/>
<entry key="975" type="xstring" value="ccr5"/>
<entry key="976" type="xstring" value="il-13"/>
<entry key="977" type="xstring" value="blockad"/>
<entry key="978" type="xstring" value="manner"/>
<entry key="979" type="xstring" value="trigger"/>
<entry key="980" type="xstring" value="adaptor"/>
<entry key="981" type="xstring" value="type-1"/>
<entry key="982" type="xstring" value="hiv-1-specif"/>
<entry key="983" type="xstring" value="conduct"/>
<entry key="984" type="xstring" value="wide"/>
<entry key="985" type="xstring" value="pseudotyp"/>
<entry key="986" type="xstring" value="humor"/>
<entry key="987" type="xstring" value="start"/>
<entry key="988" type="xstring" value="seroposit"/>
<entry key="989" type="xstring" value="seroneg"/>
<entry key="990" type="xstring" value="di"/>
<entry key="991" type="xstring" value="tumour"/>
<entry key="992" type="xstring" value="migrat"/>
<entry key="993" type="xstring" value="follow-up"/>
<entry key="994" type="xstring" value="trend"/>
<entry key="995" type="xstring" value="multivari"/>
<entry key="996" type="xstring" value="index"/>
<entry key="997" type="xstring" value="understand"/>
<entry key="998" type="xstring" value="intervent"/>
<entry key="999" type="xstring" value="antimicrobi"/>
<entry key="1000" type="xstring" value="virus-infect"/>
<entry key="1001" type="xstring" value="month"/>
<entry key="1002" type="xstring" value="quantifi"/>
<entry key="1003" type="xstring" value="ccl3"/>
<entry key="1004" type="xstring" value="serv"/>
<entry key="1005" type="xstring" value="environ"/>
<entry key="1006" type="xstring" value="plu"/>
<entry key="1007" type="xstring" value="sustain"/>
<entry key="1008" type="xstring" value="expos"/>
<entry key="1009" type="xstring" value="uninfect"/>
<entry key="1010" type="xstring" value="degranul"/>
<entry key="1011" type="xstring" value="ag"/>
<entry key="1012" type="xstring" value="children"/>
<entry key="1013" type="xstring" value="invers"/>
<entry key="1014" type="xstring" value="multiparamet"/>
<entry key="1015" type="xstring" value="polyfunct"/>
<entry key="1016" type="xstring" value="absent"/>
<entry key="1017" type="xstring" value="stain"/>
<entry key="1018" type="xstring" value="ic"/>
<entry key="1019" type="xstring" value="collect"/>
<entry key="1020" type="xstring" value="averag"/>
<entry key="1021" type="xstring" value="specimen"/>
<entry key="1022" type="xstring" value="implic"/>
<entry key="1023" type="xstring" value="futur"/>
<entry key="1024" type="xstring" value="drug"/>
<entry key="1025" type="xstring" value="compon"/>
<entry key="1026" type="xstring" value="particl"/>
<entry key="1027" type="xstring" value="stabl"/>
<entry key="1028" type="xstring" value="distribut"/>
<entry key="1029" type="xstring" value="dermatologi"/>
<entry key="1030" type="xstring" value="anti-tumor"/>
<entry key="1031" type="xstring" value="dc-base"/>
<entry key="1032" type="xstring" value="immunostimulatori"/>
<entry key="1033" type="xstring" value="driven"/>
<entry key="1034" type="xstring" value="carri"/>
<entry key="1035" type="xstring" value="superior"/>
<entry key="1036" type="xstring" value="immunotherapeut"/>
<entry key="1037" type="xstring" value="listeria"/>
<entry key="1038" type="xstring" value="monocytogen"/>
<entry key="1039" type="xstring" value="ifn-gamma-defici"/>
<entry key="1040" type="xstring" value="burden"/>
<entry key="1041" type="xstring" value="confer"/>
<entry key="1042" type="xstring" value="bacillu"/>
<entry key="1043" type="xstring" value="manifest"/>
<entry key="1044" type="xstring" value="acquir"/>
<entry key="1045" type="xstring" value="onset"/>
<entry key="1046" type="xstring" value="neg"/>
<entry key="1047" type="xstring" value="longitudin"/>
<entry key="1048" type="xstring" value="cytometr"/>
<entry key="1049" type="xstring" value="sign"/>
<entry key="1050" type="xstring" value="hiv-seroneg"/>
<entry key="1051" type="xstring" value="criteria"/>
<entry key="1052" type="xstring" value="spot"/>
<entry key="1053" type="xstring" value="doubl"/>
<entry key="1054" type="xstring" value="biopsi"/>
<entry key="1055" type="xstring" value="recommend"/>
<entry key="1056" type="xstring" value="diagnost"/>
<entry key="1057" type="xstring" value="der"/>
<entry key="1058" type="xstring" value="rare"/>
<entry key="1059" type="xstring" value="immunocompromis"/>
<entry key="1060" type="xstring" value="person"/>
<entry key="1061" type="xstring" value="present"/>
<entry key="1062" type="xstring" value="screen"/>
<entry key="1063" type="xstring" value="close"/>
<entry key="1064" type="xstring" value="contact"/>
<entry key="1065" type="xstring" value="advantag"/>
<entry key="1066" type="xstring" value="fa"/>
<entry key="1067" type="xstring" value="fasl"/>
<entry key="1068" type="xstring" value="cross-link"/>
<entry key="1069" type="xstring" value="address"/>
<entry key="1070" type="xstring" value="question"/>
<entry key="1071" type="xstring" value="bear"/>
<entry key="1072" type="xstring" value="wild"/>
<entry key="1073" type="xstring" value="lymphoprolifer"/>
<entry key="1074" type="xstring" value="lpr"/>
<entry key="1075" type="xstring" value="retain"/>
<entry key="1076" type="xstring" value="perforin-defici"/>
<entry key="1077" type="xstring" value="lysi"/>
<entry key="1078" type="xstring" value="agonist"/>
<entry key="1079" type="xstring" value="conclud"/>
<entry key="1080" type="xstring" value="perforin"/>
<entry key="1081" type="xstring" value="predomin"/>
<entry key="1082" type="xstring" value="letter"/>
<entry key="1083" type="xstring" value="metabol"/>
<entry key="1084" type="xstring" value="microbiologi"/>
<entry key="1085" type="xstring" value="graft-versus-host"/>
<entry key="1086" type="xstring" value="late"/>
<entry key="1087" type="xstring" value="absenc"/>
<entry key="1088" type="xstring" value="costimul"/>
<entry key="1089" type="xstring" value="cd40l"/>
<entry key="1090" type="xstring" value="costimulatori"/>
<entry key="1091" type="xstring" value="cd28"/>
<entry key="1092" type="xstring" value="latter"/>
<entry key="1093" type="xstring" value="iii"/>
<entry key="1094" type="xstring" value="tlr2"/>
<entry key="1095" type="xstring" value="c-termin"/>
<entry key="1096" type="xstring" value="p38"/>
<entry key="1097" type="xstring" value="greatli"/>
<entry key="1098" type="xstring" value="valu"/>
<entry key="1099" type="xstring" value="variant"/>
<entry key="1100" type="xstring" value="tumorigen"/>
<entry key="1101" type="xstring" value="histolog"/>
<entry key="1102" type="xstring" value="th1-type"/>
<entry key="1103" type="xstring" value="tumor-specif"/>
<entry key="1104" type="xstring" value="breast"/>
<entry key="1105" type="xstring" value="gagpolnef"/>
<entry key="1106" type="xstring" value="test-of-concept"/>
<entry key="1107" type="xstring" value="high-risk"/>
<entry key="1108" type="xstring" value="explor"/>
<entry key="1109" type="xstring" value="deliv"/>
<entry key="1110" type="xstring" value="regimen"/>
<entry key="1111" type="xstring" value="prime-boost"/>
<entry key="1112" type="xstring" value="qualifi"/>
<entry key="1113" type="xstring" value="variabl"/>
<entry key="1114" type="xstring" value="discuss"/>
<entry key="1115" type="xstring" value="fos-rel"/>
<entry key="1116" type="xstring" value="recurr"/>
<entry key="1117" type="xstring" value="overexpress"/>
<entry key="1118" type="xstring" value="coexpress"/>
<entry key="1119" type="xstring" value="secretori"/>
<entry key="1120" type="xstring" value="successfulli"/>
<entry key="1121" type="xstring" value="b16m"/>
<entry key="1122" type="xstring" value="endem"/>
<entry key="1123" type="xstring" value="renal"/>
<entry key="1124" type="xstring" value="distant"/>
<entry key="1125" type="xstring" value="situ"/>
<entry key="1126" type="xstring" value="attribut"/>
<entry key="1127" type="xstring" value="lesion"/>
<entry key="1128" type="xstring" value="kaposi"/>
<entry key="1129" type="xstring" value="quantit"/>
<entry key="1130" type="xstring" value="regardless"/>
<entry key="1131" type="xstring" value="nodul"/>
<entry key="1132" type="xstring" value="virul"/>
<entry key="1133" type="xstring" value="tumorigenesi"/>
<entry key="1134" type="xstring" value="ovarian"/>
<entry key="1135" type="xstring" value="cycl"/>
<entry key="1136" type="xstring" value="apoptot"/>
<entry key="1137" type="xstring" value="peak"/>
<entry key="1138" type="xstring" value="typic"/>
<entry key="1139" type="xstring" value="th1-bias"/>
<entry key="1140" type="xstring" value="bone"/>
<entry key="1141" type="xstring" value="marrow-deriv"/>
<entry key="1142" type="xstring" value="free"/>
<entry key="1143" type="xstring" value="cii"/>
<entry key="1144" type="xstring" value="exclud"/>
<entry key="1145" type="xstring" value="tail"/>
<entry key="1146" type="xstring" value="five"/>
<entry key="1147" type="xstring" value="pretreat"/>
<entry key="1148" type="xstring" value="th-1"/>
<entry key="1149" type="xstring" value="random"/>
<entry key="1150" type="xstring" value="bia"/>
<entry key="1151" type="xstring" value="kill"/>
<entry key="1152" type="xstring" value="reinfect"/>
<entry key="1153" type="xstring" value="women"/>
<entry key="1154" type="xstring" value="larger"/>
<entry key="1155" type="xstring" value="six"/>
<entry key="1156" type="xstring" value="benefici"/>
<entry key="1157" type="xstring" value="step"/>
<entry key="1158" type="xstring" value="double-blind"/>
<entry key="1159" type="xstring" value="sex"/>
<entry key="1160" type="xstring" value="titr"/>
<entry key="1161" type="xstring" value="baselin"/>
<entry key="1162" type="xstring" value="acquisit"/>
<entry key="1163" type="xstring" value="correspond"/>
<entry key="1164" type="xstring" value="male"/>
<entry key="1165" type="xstring" value="copi"/>
<entry key="1166" type="xstring" value="interpret"/>
<entry key="1167" type="xstring" value="subgroup"/>
<entry key="1168" type="xstring" value="escap"/>
<entry key="1169" type="xstring" value="oxygen"/>
<entry key="1170" type="xstring" value="intermedi"/>
<entry key="1171" type="xstring" value="anti-il-18"/>
<entry key="1172" type="xstring" value="antisens"/>
<entry key="1173" type="xstring" value="concomit"/>
<entry key="1174" type="xstring" value="engin"/>
<entry key="1175" type="xstring" value="dc-tumor"/>
<entry key="1176" type="xstring" value="repres"/>
<entry key="1177" type="xstring" value="power"/>
<entry key="1178" type="xstring" value="myeloma"/>
<entry key="1179" type="xstring" value="j558"/>
<entry key="1180" type="xstring" value="allogen"/>
<entry key="1181" type="xstring" value="mixtur"/>
<entry key="1182" type="xstring" value="microenviron"/>
<entry key="1183" type="xstring" value="elimin"/>
<entry key="1184" type="xstring" value="marrow"/>
<entry key="1185" type="xstring" value="medium"/>
<entry key="1186" type="xstring" value="supplement"/>
<entry key="1187" type="xstring" value="cd86"/>
<entry key="1188" type="xstring" value="p19"/>
<entry key="1189" type="xstring" value="subunit"/>
<entry key="1190" type="xstring" value="cocultur"/>
<entry key="1191" type="xstring" value="cluster"/>
<entry key="1192" type="xstring" value="il-23"/>
<entry key="1193" type="xstring" value="il-27"/>
<entry key="1194" type="xstring" value="suitabl"/>
<entry key="1195" type="xstring" value="multicent"/>
<entry key="1196" type="xstring" value="ongo"/>
<entry key="1197" type="xstring" value="estim"/>
<entry key="1198" type="xstring" value="direct"/>
<entry key="1199" type="xstring" value="cross-react"/>
<entry key="1200" type="xstring" value="kenyan"/>
<entry key="1201" type="xstring" value="cross-talk"/>
<entry key="1202" type="xstring" value="evidenc"/>
<entry key="1203" type="xstring" value="phosphoryl"/>
<entry key="1204" type="xstring" value="emerg"/>
<entry key="1205" type="xstring" value="presum"/>
<entry key="1206" type="xstring" value="lesser"/>
<entry key="1207" type="xstring" value="remark"/>
<entry key="1208" type="xstring" value="discontinu"/>
<entry key="1209" type="xstring" value="transient"/>
<entry key="1210" type="xstring" value="lost"/>
<entry key="1211" type="xstring" value="p0001"/>
<entry key="1212" type="xstring" value="inactiv"/>
<entry key="1213" type="xstring" value="match"/>
<entry key="1214" type="xstring" value="cd3"/>
<entry key="1215" type="xstring" value="tend"/>
<entry key="1216" type="xstring" value="virus-specif"/>
<entry key="1217" type="xstring" value="lentiviru"/>
<entry key="1218" type="xstring" value="evolut"/>
<entry key="1219" type="xstring" value="expand"/>
<entry key="1220" type="xstring" value="weak"/>
<entry key="1221" type="xstring" value="peopl"/>
<entry key="1222" type="xstring" value="restrict"/>
<entry key="1223" type="xstring" value="hla"/>
<entry key="1224" type="xstring" value="class"/>
<entry key="1225" type="xstring" value="allel"/>
<entry key="1226" type="xstring" value="variat"/>
<entry key="1227" type="xstring" value="third"/>
<entry key="1228" type="xstring" value="characterist"/>
<entry key="1229" type="xstring" value="nervou"/>
<entry key="1230" type="xstring" value="whole-blood"/>
<entry key="1231" type="xstring" value="co-express"/>
<entry key="1232" type="xstring" value="synergi"/>
<entry key="1233" type="xstring" value="microbi"/>
<entry key="1234" type="xstring" value="inclus"/>
<entry key="1235" type="xstring" value="yield"/>
<entry key="1236" type="xstring" value="bacteria"/>
<entry key="1237" type="xstring" value="rechalleng"/>
<entry key="1238" type="xstring" value="mhc"/>
<entry key="1239" type="xstring" value="hla-dr"/>
<entry key="1240" type="xstring" value="incub"/>
<entry key="1241" type="xstring" value="ag-specif"/>
<entry key="1242" type="xstring" value="lp"/>
<entry key="1243" type="xstring" value="femal"/>
<entry key="1244" type="xstring" value="mcp-1"/>
<entry key="1245" type="xstring" value="il-1"/>
<entry key="1246" type="xstring" value="basal"/>
<entry key="1247" type="xstring" value="vari"/>
<entry key="1248" type="xstring" value="experienc"/>
<entry key="1249" type="xstring" value="cytomegaloviru"/>
<entry key="1250" type="xstring" value="cmv"/>
<entry key="1251" type="xstring" value="mdc"/>
<entry key="1252" type="xstring" value="subpopul"/>
<entry key="1253" type="xstring" value="cmv-specif"/>
<entry key="1254" type="xstring" value="anti-hiv"/>
<entry key="1255" type="xstring" value="preserv"/>
<entry key="1256" type="xstring" value="anti-hiv-1"/>
<entry key="1257" type="xstring" value="extend"/>
<entry key="1258" type="xstring" value="retrospect"/>
<entry key="1259" type="xstring" value="viraemia"/>
<entry key="1260" type="xstring" value="copiesml"/>
<entry key="1261" type="xstring" value="convert"/>
<entry key="1262" type="xstring" value="combinatori"/>
<entry key="1263" type="xstring" value="live"/>
<entry key="1264" type="xstring" value="lethal"/>
<entry key="1265" type="xstring" value="radiotherapi"/>
<entry key="1266" type="xstring" value="minim"/>
<entry key="1267" type="xstring" value="residu"/>
<entry key="1268" type="xstring" value="electropor"/>
<entry key="1269" type="xstring" value="conserv"/>
<entry key="1270" type="xstring" value="autolog"/>
<entry key="1271" type="xstring" value="feasibl"/>
<entry key="1272" type="xstring" value="drain"/>
<entry key="1273" type="xstring" value="fac"/>
<entry key="1274" type="xstring" value="rant"/>
<entry key="1275" type="xstring" value="shiv"/>
<entry key="1276" type="xstring" value="afford"/>
<entry key="1277" type="xstring" value="heterogen"/>
<entry key="1278" type="xstring" value="virem"/>
<entry key="1279" type="xstring" value="preferenti"/>
<entry key="1280" type="xstring" value="context"/>
<entry key="1281" type="xstring" value="broadli"/>
<entry key="1282" type="xstring" value="hiv-neutr"/>
<entry key="1283" type="xstring" value="none"/>
<entry key="1284" type="xstring" value="low-level"/>
<entry key="1285" type="xstring" value="prophylact"/>
<entry key="1286" type="xstring" value="muscl"/>
<entry key="1287" type="xstring" value="tnfalpha"/>
<entry key="1288" type="xstring" value="precursor"/>
<entry key="1289" type="xstring" value="basi"/>
<entry key="1290" type="xstring" value="cascad"/>
<entry key="1291" type="xstring" value="hcv-specif"/>
<entry key="1292" type="xstring" value="hcv"/>
<entry key="1293" type="xstring" value="span"/>
<entry key="1294" type="xstring" value="carrier"/>
<entry key="1295" type="xstring" value="genom"/>
<entry key="1296" type="xstring" value="transit"/>
<entry key="1297" type="xstring" value="favour"/>
<entry key="1298" type="xstring" value="ad"/>
<entry key="1299" type="xstring" value="mgkg"/>
<entry key="1300" type="xstring" value="weight"/>
<entry key="1301" type="xstring" value="content"/>
<entry key="1302" type="xstring" value="compris"/>
<entry key="1303" type="xstring" value="quantif"/>
<entry key="1304" type="xstring" value="durabl"/>
<entry key="1305" type="xstring" value="percent"/>
<entry key="1306" type="xstring" value="p24"/>
<entry key="1307" type="xstring" value="map"/>
<entry key="1308" type="xstring" value="mix"/>
<entry key="1309" type="xstring" value="characteris"/>
<entry key="1310" type="xstring" value="record"/>
<entry key="1311" type="xstring" value="manag"/>
<entry key="1312" type="xstring" value="immunodomin"/>
<entry key="1313" type="xstring" value="china"/>
<entry key="1314" type="xstring" value="p0002"/>
<entry key="1315" type="xstring" value="worker"/>
<entry key="1316" type="xstring" value="sexual"/>
<entry key="1317" type="xstring" value="goal"/>
<entry key="1318" type="xstring" value="genotyp"/>
<entry key="1319" type="xstring" value="region"/>
<entry key="1320" type="xstring" value="nef-specif"/>
<entry key="1321" type="xstring" value="except"/>
<entry key="1322" type="xstring" value="tat"/>
<entry key="1323" type="xstring" value="death"/>
<entry key="1324" type="xstring" value="immatur"/>
<entry key="1325" type="xstring" value="secondari"/>
<entry key="1326" type="xstring" value="adhes"/>
<entry key="1327" type="xstring" value="molecule-1"/>
<entry key="1328" type="xstring" value="endothelium"/>
<entry key="1329" type="xstring" value="stress"/>
<entry key="1330" type="xstring" value="identif"/>
<entry key="1331" type="xstring" value="allergi"/>
<entry key="1332" type="xstring" value="il-12il-18"/>
<entry key="1333" type="xstring" value="eight"/>
<entry key="1334" type="xstring" value="nine"/>
<entry key="1335" type="xstring" value="elucid"/>
<entry key="1336" type="xstring" value="hypothesi"/>
<entry key="1337" type="xstring" value="adenocarcinoma"/>
<entry key="1338" type="xstring" value="mycobacteria"/>
<entry key="1339" type="xstring" value="mycobacteri"/>
<entry key="1340" type="xstring" value="tumor-associ"/>
<entry key="1341" type="xstring" value="suppressor"/>
<entry key="1342" type="xstring" value="min"/>
<entry key="1343" type="xstring" value="polar"/>
<entry key="1344" type="xstring" value="roi"/>
<entry key="1345" type="xstring" value="antioxid"/>
<entry key="1346" type="xstring" value="n-acetyl-l-cystein"/>
<entry key="1347" type="xstring" value="sb203580"/>
<entry key="1348" type="xstring" value="tnf"/>
<entry key="1349" type="xstring" value="gastrointestin"/>
<entry key="1350" type="xstring" value="parasit"/>
<entry key="1351" type="xstring" value="nkg2d"/>
<entry key="1352" type="xstring" value="messeng"/>
<entry key="1353" type="xstring" value="unprotect"/>
<entry key="1354" type="xstring" value="regular"/>
<entry key="1355" type="xstring" value="analogu"/>
<entry key="1356" type="xstring" value="undertaken"/>
<entry key="1357" type="xstring" value="epiderm"/>
<entry key="1358" type="xstring" value="toward"/>
<entry key="1359" type="xstring" value="immedi"/>
<entry key="1360" type="xstring" value="indian"/>
<entry key="1361" type="xstring" value="origin"/>
<entry key="1362" type="xstring" value="preclin"/>
<entry key="1363" type="xstring" value="parallel"/>
<entry key="1364" type="xstring" value="gag-"/>
<entry key="1365" type="xstring" value="siv-specif"/>
<entry key="1366" type="xstring" value="weaker"/>
<entry key="1367" type="xstring" value="unclear"/>
<entry key="1368" type="xstring" value="usual"/>
<entry key="1369" type="xstring" value="distinguish"/>
<entry key="1370" type="xstring" value="fit"/>
<entry key="1371" type="xstring" value="pressur"/>
<entry key="1372" type="xstring" value="cellsmicrol"/>
<entry key="1373" type="xstring" value="esat-6"/>
<entry key="1374" type="xstring" value="coincid"/>
<entry key="1375" type="xstring" value="puls"/>
<entry key="1376" type="xstring" value="pb"/>
<entry key="1377" type="xstring" value="p001"/>
<entry key="1378" type="xstring" value="repeat"/>
<entry key="1379" type="xstring" value="salmonella"/>
<entry key="1380" type="xstring" value="typhimurium"/>
<entry key="1381" type="xstring" value="kappa"/>
<entry key="1382" type="xstring" value="leader"/>
<entry key="1383" type="xstring" value="interrupt"/>
<entry key="1384" type="xstring" value="take"/>
<entry key="1385" type="xstring" value="rgp120"/>
<entry key="1386" type="xstring" value="transcriptase-polymeras"/>
<entry key="1387" type="xstring" value="gene-target"/>
<entry key="1388" type="xstring" value="absolut"/>
<entry key="1389" type="xstring" value="igra"/>
<entry key="1390" type="xstring" value="market"/>
<entry key="1391" type="xstring" value="countri"/>
<entry key="1392" type="xstring" value="integr"/>
<entry key="1393" type="xstring" value="peptide-puls"/>
<entry key="1394" type="xstring" value="drive"/>
<entry key="1395" type="xstring" value="bmt"/>
<entry key="1396" type="xstring" value="gvhd"/>
<entry key="1397" type="xstring" value="gvhd-relat"/>
<entry key="1398" type="xstring" value="damag"/>
<entry key="1399" type="xstring" value="monoclon"/>
<entry key="1400" type="xstring" value="biophys"/>
<entry key="1401" type="xstring" value="immunocompet"/>
<entry key="1402" type="xstring" value="tool"/>
<entry key="1403" type="xstring" value="alvac-hiv"/>
<entry key="1404" type="xstring" value="cumul"/>
<entry key="1405" type="xstring" value="protein-10"/>
<entry key="1406" type="xstring" value="synerg"/>
<entry key="1407" type="xstring" value="cell-defici"/>
<entry key="1408" type="xstring" value="mab"/>
<entry key="1409" type="xstring" value="interferon-gamma-induc"/>
<entry key="1410" type="xstring" value="canarypox"/>
<entry key="1411" type="xstring" value="vcp1452"/>
<entry key="1412" type="xstring" value="glycoprotein"/>
<entry key="1413" type="xstring" value="inform"/>
<entry key="1414" type="xstring" value="seriou"/>
<entry key="1415" type="xstring" value="maxim"/>
<entry key="1416" type="xstring" value="vesicular"/>
<entry key="1417" type="xstring" value="stomat"/>
<entry key="1418" type="xstring" value="endocrinologi"/>
<entry key="1419" type="xstring" value="pituitari"/>
<entry key="1420" type="xstring" value="entri"/>
<entry key="1421" type="xstring" value="pttg"/>
<entry key="1422" type="xstring" value="delet"/>
<entry key="1423" type="xstring" value="dna-bas"/>
<entry key="1424" type="xstring" value="numer"/>
<entry key="1425" type="xstring" value="milieu"/>
<entry key="1426" type="xstring" value="cytolysi"/>
<entry key="1427" type="xstring" value="notion"/>
<entry key="1428" type="xstring" value="string"/>
<entry key="1429" type="xstring" value="histocompat"/>
<entry key="1430" type="xstring" value="well-toler"/>
<entry key="1431" type="xstring" value="hypoplasia"/>
<entry key="1432" type="xstring" value="gland"/>
<entry key="1433" type="xstring" value="dual"/>
<entry key="1434" type="xstring" value="downregul"/>
<entry key="1435" type="xstring" value="bcg"/>
<entry key="1436" type="xstring" value="homeostasi"/>
<entry key="1437" type="xstring" value="bioactiv"/>
<entry key="1438" type="xstring" value="transcription-polymeras"/>
<entry key="1439" type="xstring" value="cleavag"/>
</config>
<config key="target">
<entry key="array-size" type="xint" value="1"/>
<entry key="0" type="xstring" value="Document class"/>
</config>
</config>
